first_name,last_name,chassis_number,mob_number,reg_number,email
Devesh,Vijay,MBHHWB13SRM910700,9701165469,REG1234,john.doe@example.com
Jane,Smith,MBHHWB13SRM910701,8765432109,REG5678,jane.smith@example.com
Alice,Brown,MBHHWB13SRM910702,7654321098,REG9101,alice.brown@example.com
Bob,Johnson,MBHHWB13SRM910703,6543210987,REG1213,bob.johnson@example.com
Charlie,Williams,MBHHWB13SRM910704,5432109876,REG1415,charlie.williams@example.com
Diana,Jones,MBHHWB13SRM910705,4321098765,REG1617,diana.jones@example.com
Ethan,Miller,MBHHWB13SRM910706,3210987654,REG1819,ethan.miller@example.com
Fiona,Davis,MBHHWB13SRM910707,2109876543,REG2021,fiona.davis@example.com
George,Wilson,MBHHWB13SRM910708,1098765432,REG2223,george.wilson@example.com
Hannah,Moore,MBHHWB13SRM910709,1987654321,REG2425,hannah.moore@example.com
John,Doe,MBHHWB13SRM910ABC,1987654321,REG2425,hannah.moore@example.com
